{"cameraMode":{"drawMode":0,"name":"Shaded","section":"Shading Mode"},"sceneLighting":false,"audioPlay":false,"sceneViewState":{"showFog":true,"showMaterialUpdate":false,"showSkybox":true,"showFlares":true,"showImageEffects":true,"showParticleSystems":true},"in2DMode":false,"pivot":{"x":2.0321478843688967,"y":0.638218879699707,"z":6.653870582580566},"rotation":{"x":-0.00676979124546051,"y":0.6864217519760132,"z":-0.006390380207449198,"w":-0.7271460294723511},"size":21.010000228881837,"orthographic":false}