{"cameraMode":{"drawMode":0,"name":"Shaded","section":"Shading Mode"},"sceneLighting":false,"audioPlay":false,"sceneViewState":{"showFog":true,"showMaterialUpdate":false,"showSkybox":true,"showFlares":true,"showImageEffects":true,"showParticleSystems":true},"in2DMode":false,"pivot":{"x":390.1978454589844,"y":1853.3475341796875,"z":13.05976676940918},"rotation":{"x":-0.028796762228012086,"y":-0.024890543892979623,"z":0.0007174579077400267,"w":-0.9992766380310059},"size":626.6986083984375,"orthographic":false}